{
  "sections": {
    "main": {
      "type": "main-product",
      "blocks": {
        "title": {
          "type": "title"
        },
        "price": {
          "type": "price"
        },
        "variant_picker": {
          "type": "variant_picker"
        },
        "quantity_selector": {
          "type": "quantity_selector"
        },
        "buy_buttons": {
          "type": "buy_buttons"
        },
        "description": {
          "type": "description"
        },
        "share": {
          "type": "share"
        }
      },
      "block_order": [
        "title",
        "price",
        "variant_picker",
        "quantity_selector",
        "buy_buttons",
        "description",
        "share"
      ]
    },
    "related-products": {
      "type": "related-products"
    }
  },
  "order": [
    "main",
    "related-products"
  ]
}
